{
  "v1_interpretability": {
    "phase_space_distribution": {
      "GENUINE_DIFFUSE": 0.8611111111111112,
      "TRANSITION": 0.04861111111111111,
      "GENUINE_COMMITTED": 0.05555555555555555,
      "MECHANICAL_DIFFUSE": 0.034722222222222224
    },
    "archetypes": {
      "Name Mover": [
        [
          0,
          0
        ],
        [
          0,
          2
        ],
        [
          0,
          7
        ],
        [
          0,
          8
        ],
        [
          0,
          9
        ],
        [
          0,
          10
        ],
        [
          0,
          11
        ],
        [
          1,
          0
        ],
        [
          1,
          1
        ],
        [
          1,
          2
        ],
        [
          1,
          3
        ],
        [
          1,
          4
        ],
        [
          1,
          5
        ],
        [
          1,
          6
        ],
        [
          1,
          7
        ],
        [
          1,
          8
        ],
        [
          1,
          9
        ],
        [
          1,
          11
        ],
        [
          2,
          0
        ],
        [
          2,
          1
        ],
        [
          2,
          2
        ],
        [
          2,
          3
        ],
        [
          2,
          4
        ],
        [
          2,
          5
        ],
        [
          2,
          6
        ],
        [
          2,
          7
        ],
        [
          2,
          8
        ],
        [
          2,
          10
        ],
        [
          2,
          11
        ],
        [
          3,
          0
        ],
        [
          3,
          1
        ],
        [
          3,
          2
        ],
        [
          3,
          3
        ],
        [
          3,
          4
        ],
        [
          3,
          5
        ],
        [
          3,
          7
        ],
        [
          3,
          8
        ],
        [
          3,
          9
        ],
        [
          3,
          10
        ],
        [
          3,
          11
        ],
        [
          4,
          0
        ],
        [
          4,
          1
        ],
        [
          4,
          2
        ],
        [
          4,
          3
        ],
        [
          4,
          4
        ],
        [
          4,
          5
        ],
        [
          4,
          6
        ],
        [
          4,
          7
        ],
        [
          4,
          8
        ],
        [
          4,
          9
        ],
        [
          4,
          10
        ],
        [
          5,
          0
        ],
        [
          5,
          2
        ],
        [
          5,
          3
        ],
        [
          5,
          4
        ],
        [
          5,
          6
        ],
        [
          5,
          7
        ],
        [
          5,
          8
        ],
        [
          5,
          9
        ],
        [
          5,
          10
        ],
        [
          5,
          11
        ],
        [
          6,
          0
        ],
        [
          6,
          1
        ],
        [
          6,
          2
        ],
        [
          6,
          3
        ],
        [
          6,
          4
        ],
        [
          6,
          5
        ],
        [
          6,
          6
        ],
        [
          6,
          7
        ],
        [
          6,
          8
        ],
        [
          6,
          11
        ],
        [
          7,
          0
        ],
        [
          7,
          1
        ],
        [
          7,
          3
        ],
        [
          7,
          4
        ],
        [
          7,
          5
        ],
        [
          7,
          6
        ],
        [
          7,
          7
        ],
        [
          7,
          8
        ],
        [
          7,
          9
        ],
        [
          8,
          0
        ],
        [
          8,
          2
        ],
        [
          8,
          3
        ],
        [
          8,
          4
        ],
        [
          8,
          5
        ],
        [
          8,
          6
        ],
        [
          8,
          7
        ],
        [
          8,
          8
        ],
        [
          8,
          9
        ],
        [
          8,
          10
        ],
        [
          8,
          11
        ],
        [
          9,
          0
        ],
        [
          9,
          1
        ],
        [
          9,
          2
        ],
        [
          9,
          3
        ],
        [
          9,
          4
        ],
        [
          9,
          5
        ],
        [
          9,
          6
        ],
        [
          9,
          7
        ],
        [
          9,
          8
        ],
        [
          9,
          9
        ],
        [
          9,
          10
        ],
        [
          10,
          0
        ],
        [
          10,
          1
        ],
        [
          10,
          2
        ],
        [
          10,
          3
        ],
        [
          10,
          4
        ],
        [
          10,
          5
        ],
        [
          10,
          6
        ],
        [
          10,
          7
        ],
        [
          10,
          9
        ],
        [
          10,
          10
        ],
        [
          10,
          11
        ],
        [
          11,
          0
        ],
        [
          11,
          1
        ],
        [
          11,
          2
        ],
        [
          11,
          3
        ],
        [
          11,
          4
        ],
        [
          11,
          5
        ],
        [
          11,
          6
        ],
        [
          11,
          7
        ],
        [
          11,
          9
        ],
        [
          11,
          10
        ],
        [
          11,
          11
        ]
      ]
    },
    "trajectory_analysis": {
      "start_G": 1.0,
      "end_G": 1.0,
      "trajectory_delta": 0.0,
      "elaboration_pull": false
    },
    "empirical_rates": {
      "k_degrade": 0.8129,
      "k_recover": 1.2371,
      "asymmetry_ratio": 1.522
    }
  },
  "v2_architecture_simulation": {
    "final_g": 0.482,
    "loops_in_reasoner": 1,
    "trajectory": [
      {
        "state": "Thinking",
        "G": 0.95
      },
      {
        "state": "Talking",
        "G": 0.873
      },
      {
        "state": "Talking",
        "G": 0.802
      },
      {
        "state": "Talking",
        "G": 0.737
      },
      {
        "state": "Talking",
        "G": 0.677
      },
      {
        "state": "Talking",
        "G": 0.622
      },
      {
        "state": "Talking",
        "G": 0.571
      },
      {
        "state": "Talking",
        "G": 0.525
      },
      {
        "state": "Talking",
        "G": 0.482
      }
    ]
  },
  "v2_thermodynamic_loss_sample": 0.31884683187049223
}